x0,y0,z0,x1,y1,z1,x2,y2,z2,x3,y3,z3,x4,y4,z4,x5,y5,z5,x6,y6,z6,x7,y7,z7,x8,y8,z8,x9,y9,z9,x10,y10,z10,x11,y11,z11,x12,y12,z12,x13,y13,z13,x14,y14,z14,x15,y15,z15,x16,y16,z16,x17,y17,z17,x18,y18,z18,x19,y19,z19,x20,y20,z20,label
0.9217696189880371,0.6754710674285889,3.7747182091152354e-07,0.8312315344810486,0.6584963798522949,-0.07128127664327621,0.7893759608268738,0.6200377941131592,-0.10915342718362808,0.8420358300209045,0.5936057567596436,-0.14332792162895203,0.9070702195167542,0.5776046514511108,-0.17347361147403717,0.8289598226547241,0.5220630764961243,-0.07408712804317474,0.7995560169219971,0.45142441987991333,-0.11946133524179459,0.7898303866386414,0.40813666582107544,-0.14915023744106293,0.7896202802658081,0.369771808385849,-0.17093169689178467,0.9138338565826416,0.5156916975975037,-0.07237239927053452,0.9205060601234436,0.43487170338630676,-0.11735855787992477,0.9308952689170837,0.38713836669921875,-0.14474962651729584,0.9469811320304871,0.3485928177833557,-0.16083386540412903,0.9849324226379395,0.532360851764679,-0.07744646817445755,0.9992599487304688,0.499999076128006,-0.14100058376789093,0.9898337125778198,0.5485076904296875,-0.152368426322937,0.9869266748428345,0.5852668285369873,-0.1441456824541092,1.042711853981018,0.5610072016716003,-0.08765512704849243,1.0368105173110962,0.5393339395523071,-0.1405627727508545,1.0319420099258423,0.5688376426696777,-0.14270181953907013,1.03323495388031,0.5959053635597229,-0.13229022920131683,Key_Backspace
0.9392595291137695,0.6589722633361816,4.5738707399323175e-07,0.8469305038452148,0.641867995262146,-0.054356735199689865,0.7914067506790161,0.6028450131416321,-0.08153583854436874,0.8247821927070618,0.5648514628410339,-0.10453707724809647,0.8556721210479736,0.5329656600952148,-0.12464674562215805,0.7882518768310547,0.4947145879268646,-0.040662478655576706,0.7658048868179321,0.4289361238479614,-0.07315857708454132,0.7574923038482666,0.38604238629341125,-0.10382990539073944,0.7583996653556824,0.3501094579696655,-0.1285686045885086,0.8728729486465454,0.4851762056350708,-0.042315416038036346,0.8743851184844971,0.41129183769226074,-0.06389019638299942,0.8835611939430237,0.36320769786834717,-0.08856907486915588,0.8973049521446228,0.32519057393074036,-0.10996206849813461,0.9535338878631592,0.49750450253486633,-0.051325976848602295,0.9902846813201904,0.44104108214378357,-0.08029679954051971,1.020052194595337,0.40939509868621826,-0.10277578979730606,1.0458320379257202,0.3830333948135376,-0.1204008162021637,1.0255860090255737,0.5247644782066345,-0.06550610810518265,1.0627166032791138,0.49125561118125916,-0.09681059420108795,1.09241783618927,0.4755997061729431,-0.1068766713142395,1.1205285787582397,0.4630186855792999,-0.11292337626218796,Key_Backspace
0.9162911772727966,0.6288888454437256,3.8944992297729186e-07,0.8308789134025574,0.6139698028564453,-0.06337431073188782,0.7817147374153137,0.5765522122383118,-0.09181669354438782,0.8176242113113403,0.5411540865898132,-0.11121802777051926,0.8543664216995239,0.5073042511940002,-0.13008339703083038,0.7729820013046265,0.47336021065711975,-0.056160517036914825,0.7485485076904297,0.40874549746513367,-0.08822057396173477,0.7384700179100037,0.36707186698913574,-0.11467637866735458,0.736576497554779,0.32991838455200195,-0.1364917755126953,0.8476980924606323,0.4621905982494354,-0.053530577570199966,0.8408149480819702,0.3890839219093323,-0.07775086909532547,0.8450675010681152,0.34408673644065857,-0.10107593983411789,0.854520857334137,0.3056652545928955,-0.11983505636453629,0.9142324924468994,0.4711531400680542,-0.058073680847883224,0.936977207660675,0.4187564253807068,-0.09778748452663422,0.9580227136611938,0.3840908110141754,-0.13007113337516785,0.9809820055961609,0.3540511727333069,-0.15410640835762024,0.9752074480056763,0.49610063433647156,-0.0671231597661972,0.9563727378845215,0.47914496064186096,-0.11466623097658157,0.9304451942443848,0.4995232820510864,-0.12817753851413727,0.9169668555259705,0.5227072238922119,-0.13511988520622253,Key_Backspace
0.8997427225112915,0.6016614437103271,4.061790832565748e-07,0.8135502934455872,0.5869771838188171,-0.06194335222244263,0.7664263248443604,0.5478800535202026,-0.09097136557102203,0.8051378726959229,0.5110788941383362,-0.1110697090625763,0.8518571257591248,0.4803850054740906,-0.13107970356941223,0.7643427848815918,0.4517831802368164,-0.054036617279052734,0.7384501695632935,0.38930588960647583,-0.08732940256595612,0.7281656861305237,0.3472684919834137,-0.11675715446472168,0.7245529890060425,0.3081449866294861,-0.14175987243652344,0.8351054787635803,0.4414920210838318,-0.05432569235563278,0.82565838098526,0.37238338589668274,-0.08283966034650803,0.8291698098182678,0.3278523087501526,-0.11056648939847946,0.8349194526672363,0.28799498081207275,-0.13286244869232178,0.8980368971824646,0.44986265897750854,-0.06203136965632439,0.9176102876663208,0.39246171712875366,-0.1073707863688469,0.935904860496521,0.35595276951789856,-0.14265428483486176,0.9554678201675415,0.32364964485168457,-0.16810110211372375,0.9565945267677307,0.4732316732406616,-0.07371650636196136,0.9372368454933167,0.44201380014419556,-0.12606653571128845,0.907045841217041,0.4611208438873291,-0.1408407986164093,0.8883492350578308,0.483747661113739,-0.14882472157478333,Key_Backspace
0.8953413963317871,0.5795443654060364,1.901904909118457e-07,0.8081852793693542,0.5617626905441284,-0.056662049144506454,0.7650431394577026,0.5160398483276367,-0.07749854773283005,0.8092265129089355,0.47751957178115845,-0.09046151489019394,0.8572975993156433,0.4530075490474701,-0.10352768003940582,0.762650191783905,0.42756009101867676,-0.04030212014913559,0.7380528450012207,0.3663385808467865,-0.06555335968732834,0.7308214902877808,0.32653573155403137,-0.08954331278800964,0.7261345386505127,0.2899625301361084,-0.11145336925983429,0.829695999622345,0.4179217219352722,-0.041708316653966904,0.8203807473182678,0.348188579082489,-0.06597692519426346,0.824375569820404,0.3050265610218048,-0.09107540547847748,0.8281973600387573,0.2669777274131775,-0.11083371937274933,0.8914302587509155,0.42519575357437134,-0.050120703876018524,0.9098243117332458,0.3667650818824768,-0.09367520362138748,0.9256920218467712,0.3282376229763031,-0.12902097404003143,0.9420434832572937,0.29395797848701477,-0.15411235392093658,0.9482825994491577,0.44695696234703064,-0.06210382282733917,0.931714653968811,0.4151885509490967,-0.11315706372261047,0.9074099659919739,0.4364478290081024,-0.12631520628929138,0.8947504162788391,0.46203863620758057,-0.13294658064842224,Key_Backspace
0.8866139650344849,0.5558727383613586,2.850016400657296e-08,0.8055856823921204,0.5378919243812561,-0.05895574763417244,0.7610057592391968,0.49285420775413513,-0.08162558823823929,0.8002250790596008,0.45407968759536743,-0.09666203707456589,0.8538667559623718,0.4264856278896332,-0.11109928786754608,0.7595871090888977,0.4089815616607666,-0.04446955770254135,0.7305412888526917,0.34670290350914,-0.0720074400305748,0.7219809293746948,0.30707138776779175,-0.09507116675376892,0.7181012630462646,0.27117788791656494,-0.11552147567272186,0.8229025602340698,0.3989892899990082,-0.04376117140054703,0.8106116056442261,0.32494091987609863,-0.07135602831840515,0.8109818696975708,0.28159356117248535,-0.09449950605630875,0.8131766319274902,0.24437116086483002,-0.11193139106035233,0.8826297521591187,0.40476807951927185,-0.05035777390003204,0.8979354500770569,0.3447701036930084,-0.09616861492395401,0.9079646468162537,0.30486008524894714,-0.12974153459072113,0.920435905456543,0.2684391140937805,-0.1528189778327942,0.9385046362876892,0.42479050159454346,-0.06074400618672371,0.9210638403892517,0.3920153081417084,-0.11201857775449753,0.8927206993103027,0.4107407331466675,-0.1252458244562149,0.8764177560806274,0.4342277944087982,-0.13168516755104065,Key_Backspace
0.8842554688453674,0.5361307859420776,-6.877731095755735e-08,0.8034483194351196,0.5170738101005554,-0.05529848113656044,0.7596350908279419,0.4702189862728119,-0.07404886931180954,0.8000018000602722,0.4297384023666382,-0.08630762994289398,0.8520601987838745,0.4019855260848999,-0.09814316779375076,0.7587128281593323,0.3920741379261017,-0.036247044801712036,0.7293066382408142,0.3299694359302521,-0.061524856835603714,0.7199904322624207,0.2904999852180481,-0.08336766064167023,0.7154062390327454,0.25448375940322876,-0.10324181616306305,0.818730354309082,0.38131049275398254,-0.036284949630498886,0.805167019367218,0.30721941590309143,-0.0638885498046875,0.8052938580513,0.26344913244247437,-0.08725718408823013,0.8056444525718689,0.22653760015964508,-0.10480799525976181,0.8764223456382751,0.3856053948402405,-0.04367336258292198,0.8908156156539917,0.32360222935676575,-0.09005435556173325,0.9010160565376282,0.28389406204223633,-0.12385086715221405,0.9117270708084106,0.24799254536628723,-0.146354079246521,0.9318310618400574,0.40389811992645264,-0.05448296293616295,0.9154722690582275,0.36535173654556274,-0.10449957847595215,0.8838245868682861,0.38267040252685547,-0.11700531095266342,0.86214679479599,0.4070620536804199,-0.12316998839378357,Key_Backspace
0.8822106122970581,0.5172396302223206,-1.6064578289842757e-07,0.7993521690368652,0.49658316373825073,-0.05518338084220886,0.7572051882743835,0.4478563964366913,-0.0728401318192482,0.7979021072387695,0.40753594040870667,-0.08405666053295135,0.8519555330276489,0.38155555725097656,-0.09503908455371857,0.7593913674354553,0.37432312965393066,-0.03594609722495079,0.7306523323059082,0.3144838809967041,-0.059155818074941635,0.72233647108078,0.2774972915649414,-0.0801195427775383,0.7182722091674805,0.24220755696296692,-0.09988132119178772,0.8184106945991516,0.36375370621681213,-0.03561132028698921,0.8053603768348694,0.29092252254486084,-0.05867189168930054,0.8059824109077454,0.24887573719024658,-0.07973391562700272,0.806544840335846,0.2123197466135025,-0.09753068536520004,0.8742201924324036,0.3678051829338074,-0.04275614768266678,0.8877800703048706,0.3065199851989746,-0.08512371778488159,0.8999402523040771,0.2679286599159241,-0.1180148497223854,0.9110099077224731,0.23255053162574768,-0.14177964627742767,0.9273933172225952,0.3846961557865143,-0.053601838648319244,0.914057731628418,0.34633177518844604,-0.10002649575471878,0.886722207069397,0.36335793137550354,-0.11192168295383453,0.8669929504394531,0.3869657516479492,-0.11947181820869446,Key_Backspace
0.8807159662246704,0.5020012259483337,-2.0252923604857642e-07,0.8002375364303589,0.48022744059562683,-0.05218662694096565,0.7601743936538696,0.4303812086582184,-0.0677027553319931,0.802162766456604,0.38781771063804626,-0.0770273432135582,0.8594833612442017,0.36057019233703613,-0.0861070305109024,0.7606910467147827,0.35929930210113525,-0.030719568952918053,0.7329412698745728,0.2996130883693695,-0.05142247676849365,0.7252084016799927,0.2621297240257263,-0.07059714198112488,0.7225874662399292,0.227187842130661,-0.08937853574752808,0.8179500102996826,0.3493765592575073,-0.03061479888856411,0.8061352372169495,0.27662393450737,-0.05239810794591904,0.8067938685417175,0.23525604605674744,-0.0722421407699585,0.80748450756073,0.199711412191391,-0.08899255841970444,0.8722737431526184,0.353730708360672,-0.03777892142534256,0.8870583772659302,0.2903573513031006,-0.07955030351877213,0.8967480659484863,0.2516179084777832,-0.11078760027885437,0.9061704277992249,0.21619361639022827,-0.1330820769071579,0.9240832924842834,0.37081378698349,-0.048286475241184235,0.9114648103713989,0.3298957049846649,-0.09332839399576187,0.8828499913215637,0.3465685546398163,-0.10356500744819641,0.8622453212738037,0.3702307939529419,-0.109891377389431,Key_Backspace
0.8803154826164246,0.4891357719898224,-2.549429609643994e-07,0.8019967675209045,0.4675159752368927,-0.0497048981487751,0.7620850205421448,0.41708651185035706,-0.06334006786346436,0.7999091148376465,0.3728499710559845,-0.07067224383354187,0.8572472333908081,0.34354862570762634,-0.07728004455566406,0.7603214979171753,0.34788501262664795,-0.02853456512093544,0.7349740266799927,0.2880874574184418,-0.04761391505599022,0.7280616164207458,0.25178030133247375,-0.06388022750616074,0.7276702523231506,0.21763551235198975,-0.08037383109331131,0.8168898224830627,0.33881595730781555,-0.028987370431423187,0.8071719408035278,0.2649209797382355,-0.05167001858353615,0.8071421980857849,0.22514209151268005,-0.0697605088353157,0.8081190586090088,0.19123034179210663,-0.08429812639951706,0.8705117702484131,0.3437112867832184,-0.03643708676099777,0.8861750364303589,0.2775542438030243,-0.08114126324653625,0.8936999440193176,0.2401800900697708,-0.11099214106798172,0.9021177291870117,0.20559623837471008,-0.13094431161880493,0.9210199117660522,0.36117681860923767,-0.04658159986138344,0.9088720083236694,0.317771852016449,-0.09273993968963623,0.8795566558837891,0.33636197447776794,-0.10121672600507736,0.8588937520980835,0.3619747459888458,-0.10557515919208527,Key_Backspace
0.8777620792388916,0.4758707880973816,-1.762180090736365e-07,0.8012034893035889,0.4563785195350647,-0.05405665189027786,0.7652926445007324,0.40816569328308105,-0.07164235413074493,0.8064748048782349,0.3659868538379669,-0.0813959538936615,0.8623059988021851,0.3363999128341675,-0.09077658504247665,0.7613652944564819,0.3407094478607178,-0.04017196223139763,0.7385895848274231,0.28268900513648987,-0.06205543130636215,0.7339999675750732,0.24684087932109833,-0.0798964723944664,0.7350578308105469,0.21307788789272308,-0.09699200093746185,0.8173795342445374,0.33154061436653137,-0.03850846737623215,0.8099743723869324,0.25967341661453247,-0.06260425597429276,0.8121278882026672,0.2199726104736328,-0.08194707334041595,0.8148115277290344,0.18547090888023376,-0.09733982384204865,0.8702780604362488,0.3358250856399536,-0.043418463319540024,0.8860800266265869,0.271533727645874,-0.08821966499090195,0.8959113359451294,0.23274743556976318,-0.11956910789012909,0.906204104423523,0.19695378839969635,-0.140748992562294,0.9207058548927307,0.35256853699684143,-0.05108953267335892,0.910059928894043,0.310780793428421,-0.09801856428384781,0.8828232884407043,0.3287121057510376,-0.107993483543396,0.8638343214988708,0.35339629650115967,-0.11323270201683044,Key_Backspace
0.8765146136283875,0.46768391132354736,-1.367495769954985e-07,0.8022918701171875,0.44764089584350586,-0.05407224968075752,0.7684288024902344,0.40118685364723206,-0.0726972371339798,0.808472216129303,0.35958248376846313,-0.08404999226331711,0.859701931476593,0.32757264375686646,-0.09495382010936737,0.762852668762207,0.3348645269870758,-0.04091031476855278,0.739702582359314,0.2777700424194336,-0.06389370560646057,0.7357065081596375,0.2425411194562912,-0.08262673765420914,0.7370479106903076,0.20995092391967773,-0.10012014210224152,0.8184026479721069,0.32595139741897583,-0.038766853511333466,0.8096644878387451,0.25556591153144836,-0.0630728080868721,0.8119208812713623,0.2162012904882431,-0.08367437869310379,0.8151413798332214,0.18204836547374725,-0.10050252079963684,0.8708055019378662,0.3305453360080719,-0.04324844107031822,0.8867594003677368,0.26824885606765747,-0.08613743633031845,0.8967238664627075,0.22856184840202332,-0.1190057247877121,0.9054427742958069,0.19293969869613647,-0.14200079441070557,0.9214835166931152,0.3478177785873413,-0.05061095952987671,0.9149773120880127,0.30808448791503906,-0.09623773396015167,0.889798104763031,0.31890255212783813,-0.10949764400720596,0.8689360022544861,0.3365686535835266,-0.11761967837810516,Key_Backspace
0.8683843016624451,0.4556100368499756,-1.721177937952234e-07,0.7987237572669983,0.4372478723526001,-0.05652275308966637,0.7693867683410645,0.38802844285964966,-0.07543519884347916,0.8064211010932922,0.3448009192943573,-0.08564817160367966,0.8556339740753174,0.31267353892326355,-0.09555672109127045,0.75804603099823,0.3301103115081787,-0.04687372222542763,0.7362744808197021,0.2754265069961548,-0.06928183138370514,0.7336012721061707,0.24171039462089539,-0.08664160221815109,0.7359189987182617,0.2093919962644577,-0.10335706919431686,0.8094404935836792,0.32059893012046814,-0.04132463037967682,0.7999668717384338,0.2550959289073944,-0.06495737284421921,0.7997239232063293,0.2193349152803421,-0.0838109478354454,0.8012180924415588,0.18658292293548584,-0.09958890080451965,0.8585020303726196,0.3226622939109802,-0.04201386123895645,0.8690424561500549,0.2618885338306427,-0.08560838550329208,0.8763757944107056,0.22336019575595856,-0.1184413880109787,0.8840239644050598,0.18723544478416443,-0.1420322209596634,0.9057560563087463,0.33570054173469543,-0.04551437869668007,0.8950739502906799,0.30128592252731323,-0.094107486307621,0.8736811280250549,0.3168858289718628,-0.11002185195684433,0.8596460819244385,0.3369353413581848,-0.1200166717171669,Key_Backspace
0.8653692603111267,0.45446354150772095,-1.6137948932737345e-07,0.7971522808074951,0.43670713901519775,-0.055223576724529266,0.7681372761726379,0.38845276832580566,-0.07262251526117325,0.8053812980651855,0.34608912467956543,-0.0817301869392395,0.8534047603607178,0.31486162543296814,-0.09065087884664536,0.7560118436813354,0.33042052388191223,-0.04340917989611626,0.7344273924827576,0.2760941982269287,-0.06503452360630035,0.7320020794868469,0.2423413097858429,-0.08179840445518494,0.7342889308929443,0.21068549156188965,-0.0977754294872284,0.8075399994850159,0.3210619390010834,-0.03801828250288963,0.7975258231163025,0.256620317697525,-0.061825528740882874,0.7969935536384583,0.22118864953517914,-0.08023097366094589,0.7989741563796997,0.1889556646347046,-0.09497994929552078,0.85686194896698,0.32340750098228455,-0.038875188678503036,0.8671472072601318,0.26313117146492004,-0.08243758976459503,0.8737812042236328,0.22505292296409607,-0.11419766396284103,0.882077157497406,0.18931573629379272,-0.13645020127296448,0.9031199812889099,0.33689936995506287,-0.042498234659433365,0.8937102556228638,0.30309414863586426,-0.09081760048866272,0.8744638562202454,0.3192155957221985,-0.10587622225284576,0.8642496466636658,0.33988136053085327,-0.11475846916437149,Key_Backspace
0.8614257574081421,0.45501959323883057,-1.943021317174498e-07,0.7939692735671997,0.4362098276615143,-0.05319768935441971,0.7639437317848206,0.38908636569976807,-0.07152333855628967,0.7970259785652161,0.3475460112094879,-0.08180974423885345,0.8459469676017761,0.31725141406059265,-0.0920175090432167,0.7576058506965637,0.331907719373703,-0.04479439556598663,0.7353254556655884,0.27790555357933044,-0.06716147065162659,0.7308242917060852,0.2445942461490631,-0.08392537385225296,0.7323399186134338,0.21301737427711487,-0.09975895285606384,0.8081264495849609,0.3229152262210846,-0.04064140096306801,0.7979621887207031,0.2581693232059479,-0.06747162342071533,0.7965198755264282,0.22230251133441925,-0.08653882145881653,0.7980854511260986,0.18925440311431885,-0.10096888989210129,0.8555876016616821,0.3252529501914978,-0.042230844497680664,0.8652135729789734,0.2636621594429016,-0.08755680918693542,0.8715749979019165,0.22701087594032288,-0.11710786074399948,0.8802832365036011,0.19258272647857666,-0.13644684851169586,0.8997928500175476,0.3386244773864746,-0.04628562554717064,0.885763943195343,0.2995184659957886,-0.0937662124633789,0.8629227876663208,0.31476327776908875,-0.10578277707099915,0.8499855399131775,0.33571532368659973,-0.11182113736867905,Key_Backspace
0.8620709776878357,0.4546682834625244,-1.7574915034401783e-07,0.7923982739448547,0.43645012378692627,-0.05448882281780243,0.761862576007843,0.3898540139198303,-0.07290253788232803,0.7947973608970642,0.3483380675315857,-0.08312182873487473,0.8420732021331787,0.3176736533641815,-0.09330283105373383,0.7556199431419373,0.3330022692680359,-0.04414500296115875,0.733714759349823,0.2791431248188019,-0.06626112759113312,0.7289649844169617,0.24590086936950684,-0.08338353782892227,0.7304818630218506,0.2145012617111206,-0.09943210333585739,0.8067775368690491,0.3241523802280426,-0.03920777887105942,0.7960583567619324,0.25939270853996277,-0.0652412548661232,0.7942379713058472,0.2233595848083496,-0.08477981388568878,0.7956662178039551,0.19042468070983887,-0.0998179242014885,0.8548539280891418,0.3263116478919983,-0.04018012061715126,0.8644564747810364,0.26520586013793945,-0.08455958217382431,0.8699802756309509,0.2286365032196045,-0.1148848682641983,0.8780936598777771,0.1950359344482422,-0.13501688838005066,0.8994230628013611,0.33919021487236023,-0.04383539408445358,0.8844183087348938,0.300148606300354,-0.09116882085800171,0.8623335361480713,0.3151264488697052,-0.10408595204353333,0.8502368330955505,0.3361457586288452,-0.11085087805986404,Key_Backspace
0.8611926436424255,0.4547938406467438,-1.870448755880716e-07,0.7918549180030823,0.4364214539527893,-0.05426758527755737,0.7605562806129456,0.3902864456176758,-0.07297688722610474,0.7927420735359192,0.34888720512390137,-0.08357303589582443,0.8399575352668762,0.3180621564388275,-0.09430933743715286,0.7576113939285278,0.33453670144081116,-0.044359080493450165,0.7330843806266785,0.2801758646965027,-0.06636633723974228,0.7270268201828003,0.24703682959079742,-0.0835854783654213,0.7279826998710632,0.21567383408546448,-0.09983231127262115,0.8077992796897888,0.32569369673728943,-0.03920178860425949,0.7946739196777344,0.2616081237792969,-0.06574471294879913,0.7913926839828491,0.22567933797836304,-0.08618689328432083,0.7922146916389465,0.19305390119552612,-0.10180656611919403,0.8551285266876221,0.32793572545051575,-0.039734140038490295,0.8646183013916016,0.2667102813720703,-0.08438324183225632,0.8691989779472351,0.23033516108989716,-0.11489708721637726,0.8776457905769348,0.19710633158683777,-0.1351010948419571,0.8990789651870728,0.34088125824928284,-0.04279928654432297,0.8829666376113892,0.30157437920570374,-0.09034062176942825,0.8602821826934814,0.3166256546974182,-0.10325977951288223,0.8485088348388672,0.33806225657463074,-0.10990249365568161,Key_Backspace
0.8624424934387207,0.4546005427837372,-1.645660887561462e-07,0.7934583425521851,0.43711358308792114,-0.053303465247154236,0.7626882195472717,0.39108774065971375,-0.07148831337690353,0.7966595888137817,0.35015612840652466,-0.08149124681949615,0.843147873878479,0.31890758872032166,-0.09143617749214172,0.753441333770752,0.33615973591804504,-0.04465512931346893,0.7314281463623047,0.28272297978401184,-0.06704192608594894,0.7267271876335144,0.24979960918426514,-0.08369908481836319,0.7269660830497742,0.21836809813976288,-0.09910426288843155,0.8043662905693054,0.32730013132095337,-0.040100328624248505,0.7925184965133667,0.2638864517211914,-0.06697491556406021,0.7901138067245483,0.2275729775428772,-0.08669104427099228,0.7906543016433716,0.19398872554302216,-0.10146337002515793,0.8527364730834961,0.3290970027446747,-0.04121149703860283,0.8625370860099792,0.26989951729774475,-0.08639900386333466,0.8681923151016235,0.23260653018951416,-0.1171359121799469,0.8757358193397522,0.19742047786712646,-0.13738763332366943,0.8982120156288147,0.3416300415992737,-0.0447501614689827,0.8861362934112549,0.3061940670013428,-0.09241008013486862,0.8655894994735718,0.32188504934310913,-0.1054629310965538,0.8545122742652893,0.342330664396286,-0.11223524063825607,Key_Backspace
0.8625198602676392,0.45486247539520264,-1.5482774529118615e-07,0.7947096228599548,0.43809354305267334,-0.055142875760793686,0.7638552784919739,0.3923526108264923,-0.07377255707979202,0.7971623539924622,0.35108205676078796,-0.08370961248874664,0.8437135219573975,0.3194200396537781,-0.09316720068454742,0.7534531950950623,0.33624687790870667,-0.046606339514255524,0.7320538759231567,0.2826327383518219,-0.06891398131847382,0.7276529669761658,0.24963733553886414,-0.08513367176055908,0.7279037237167358,0.218203604221344,-0.10031384229660034,0.8039507865905762,0.327240914106369,-0.04103190451860428,0.7924748659133911,0.26408955454826355,-0.06810587644577026,0.7909108400344849,0.2280309647321701,-0.0876273438334465,0.791654646396637,0.19438432157039642,-0.1023862212896347,0.8518363237380981,0.3287055492401123,-0.041318416595458984,0.8621293306350708,0.2705658972263336,-0.08680705726146698,0.8689078688621521,0.23344004154205322,-0.11802149564027786,0.876055896282196,0.1980578750371933,-0.13860225677490234,0.8973361253738403,0.3408108949661255,-0.044184572994709015,0.888526976108551,0.3062936067581177,-0.09178449213504791,0.8690353035926819,0.3216772973537445,-0.10551809519529343,0.8568216562271118,0.3415289521217346,-0.11292965710163116,Key_Backspace
0.8625070452690125,0.45530882477760315,-1.6558431070734514e-07,0.7942516207695007,0.438961386680603,-0.05637707561254501,0.7625264525413513,0.3928656280040741,-0.0746067464351654,0.794345498085022,0.35128265619277954,-0.08371706306934357,0.841124951839447,0.3195927143096924,-0.09214435517787933,0.7547324895858765,0.33666107058525085,-0.04538669064640999,0.7316991090774536,0.28242599964141846,-0.06732780486345291,0.7269394397735596,0.2495502233505249,-0.08329495787620544,0.727129340171814,0.21801918745040894,-0.09811518341302872,0.8054909706115723,0.32758280634880066,-0.03910909593105316,0.7937257885932922,0.2642304301261902,-0.06678970903158188,0.7913078665733337,0.22796957194805145,-0.08641219884157181,0.7913764715194702,0.1940833330154419,-0.10048507899045944,0.8533572554588318,0.32883185148239136,-0.03889509662985802,0.8632981181144714,0.2697876989841461,-0.08572147786617279,0.8691981434822083,0.23218555748462677,-0.1167093962430954,0.8768143653869629,0.19643983244895935,-0.13615360856056213,0.8982343673706055,0.34063729643821716,-0.04128062725067139,0.8862507939338684,0.3033882677555084,-0.08954869210720062,0.8648120164871216,0.3194518983364105,-0.10215722769498825,0.8518787622451782,0.34083691239356995,-0.10808718204498291,Key_Backspace
0.8626576066017151,0.45316100120544434,-1.38350429779166e-07,0.7943993210792542,0.43675902485847473,-0.056093402206897736,0.7629191875457764,0.39107537269592285,-0.07419586181640625,0.7973899245262146,0.3506435751914978,-0.08351851254701614,0.8453380465507507,0.31991884112358093,-0.09232713282108307,0.7542203664779663,0.33437812328338623,-0.04373110458254814,0.7316558957099915,0.2814662456512451,-0.06560863554477692,0.7270903587341309,0.24918535351753235,-0.0823705792427063,0.7270345687866211,0.21805578470230103,-0.09790661931037903,0.8041912317276001,0.3251601457595825,-0.0378275029361248,0.7928103804588318,0.26236724853515625,-0.06388768553733826,0.7914729118347168,0.2267056107521057,-0.08363502472639084,0.7925602197647095,0.1931808441877365,-0.09840178489685059,0.8516138792037964,0.3266468942165375,-0.03817634657025337,0.8622616529464722,0.2696441411972046,-0.08352483808994293,0.869655191898346,0.23289090394973755,-0.11514183133840561,0.8785759210586548,0.19772985577583313,-0.13570468127727509,0.8968691229820251,0.3386257290840149,-0.04124755412340164,0.8870957493782043,0.30289560556411743,-0.08912265300750732,0.8665089011192322,0.31944531202316284,-0.1023557111620903,0.8541589975357056,0.34067046642303467,-0.10918448120355606,Key_Backspace
0.864441454410553,0.4541388750076294,-1.998974710204493e-07,0.7948666214942932,0.4371764063835144,-0.05257517844438553,0.7623071074485779,0.3914465308189392,-0.06916378438472748,0.7942085862159729,0.34982725977897644,-0.07792452722787857,0.8401392102241516,0.3185623288154602,-0.08628605306148529,0.7526885271072388,0.33335036039352417,-0.040428053587675095,0.7322987914085388,0.2803783416748047,-0.06084923818707466,0.7288657426834106,0.24756653606891632,-0.07670125365257263,0.7300717830657959,0.21612757444381714,-0.0922251045703888,0.8039700984954834,0.32447221875190735,-0.03599989041686058,0.7926241159439087,0.26176002621650696,-0.059804562479257584,0.791587769985199,0.22700241208076477,-0.07826253026723862,0.7916595935821533,0.19462020695209503,-0.09328243136405945,0.8526872396469116,0.32672983407974243,-0.0376083143055439,0.8653268218040466,0.2701318562030792,-0.08059510588645935,0.8733397722244263,0.23365935683250427,-0.11097011715173721,0.8802884221076965,0.19872033596038818,-0.13186654448509216,0.8989099860191345,0.33971765637397766,-0.04180271551012993,0.8906323313713074,0.30549198389053345,-0.08754310756921768,0.8687505125999451,0.32023000717163086,-0.10044148564338684,0.8525230288505554,0.33908820152282715,-0.10808884352445602,Key_Backspace
0.8636458516120911,0.4550173878669739,-2.0436172576410172e-07,0.7936747670173645,0.43807607889175415,-0.055164776742458344,0.7620949149131775,0.3917270600795746,-0.0744699016213417,0.7931879758834839,0.34872522950172424,-0.08521601557731628,0.8391891121864319,0.31655946373939514,-0.09555704146623611,0.7526006102561951,0.3341328203678131,-0.04747181385755539,0.7289912104606628,0.2804234027862549,-0.07016000896692276,0.7238191366195679,0.248243510723114,-0.08668725192546844,0.724330723285675,0.21724069118499756,-0.10236816853284836,0.8059370517730713,0.3246934711933136,-0.0416833758354187,0.7927068471908569,0.26092058420181274,-0.06745632737874985,0.7892274260520935,0.2259434461593628,-0.08612967282533646,0.788252592086792,0.19386723637580872,-0.10088258236646652,0.856061577796936,0.32690709829330444,-0.04175002500414848,0.8655543327331543,0.26815441250801086,-0.085871122777462,0.8712571263313293,0.23093467950820923,-0.11657359451055527,0.8778325319290161,0.19604450464248657,-0.13772760331630707,0.9027681350708008,0.34006282687187195,-0.04441220313310623,0.8891359567642212,0.30709952116012573,-0.09149444848299026,0.8663068413734436,0.31988325715065,-0.10605505853891373,0.8508222699165344,0.33669689297676086,-0.11466379463672638,Key_Backspace
0.8650107979774475,0.45402923226356506,-1.913976888090474e-07,0.7954327464103699,0.4369736313819885,-0.053190313279628754,0.7653533816337585,0.3914930522441864,-0.07096952199935913,0.7946255803108215,0.3495173454284668,-0.08076874911785126,0.8367960453033447,0.3169804811477661,-0.09032034873962402,0.7527239322662354,0.3338369131088257,-0.04281085729598999,0.7280614376068115,0.2802577614784241,-0.06500176340341568,0.7222089767456055,0.2471952587366104,-0.08153335750102997,0.7218809723854065,0.21581211686134338,-0.09696055948734283,0.8037683367729187,0.32439669966697693,-0.03856264054775238,0.7893639802932739,0.2607746720314026,-0.0648876428604126,0.7863368391990662,0.22516527771949768,-0.08389205485582352,0.7858397960662842,0.19218552112579346,-0.09832511097192764,0.852783203125,0.32610011100769043,-0.040281422436237335,0.8637259602546692,0.2669871747493744,-0.08553191274404526,0.8708766102790833,0.22980323433876038,-0.116080142557621,0.8794564008712769,0.19456374645233154,-0.13635124266147614,0.8983042240142822,0.33873090147972107,-0.04442374408245087,0.8858073353767395,0.30384495854377747,-0.09224925190210342,0.8651052117347717,0.3197188377380371,-0.10515910387039185,0.853753924369812,0.340217262506485,-0.11199480295181274,Key_Backspace
0.8681331276893616,0.43951231241226196,-1.4479753929208528e-07,0.7987920641899109,0.42224279046058655,-0.05141159147024155,0.7680456638336182,0.3753187954425812,-0.06751582771539688,0.8082955479621887,0.3340902030467987,-0.07617858797311783,0.8612178564071655,0.3052067458629608,-0.084630586206913,0.7627763748168945,0.31883513927459717,-0.03729355335235596,0.7423324584960938,0.266634464263916,-0.05675848573446274,0.7398028373718262,0.23458482325077057,-0.07288357615470886,0.7415105104446411,0.2046573907136917,-0.08865074068307877,0.8127638101577759,0.31070905923843384,-0.033124007284641266,0.807190477848053,0.248846173286438,-0.054894644767045975,0.8113903999328613,0.21397873759269714,-0.07365468889474869,0.8152193427085876,0.1831130087375641,-0.08906608074903488,0.8595473766326904,0.31400755047798157,-0.0351131334900856,0.8734241127967834,0.25688761472702026,-0.07558418810367584,0.8833922147750854,0.22106878459453583,-0.1064608171582222,0.8916516304016113,0.18824273347854614,-0.12809371948242188,0.904868483543396,0.32768309116363525,-0.03970177844166756,0.8977757692337036,0.2925456464290619,-0.08399953693151474,0.8768689632415771,0.3059011995792389,-0.09771601855754852,0.8607362508773804,0.32428407669067383,-0.10601318627595901,Key_Backspace
0.8699857592582703,0.44172102212905884,-1.1370703845159369e-07,0.8000964522361755,0.4237672686576843,-0.05251413956284523,0.768277108669281,0.3777441382408142,-0.07036145776510239,0.8050251603126526,0.33664244413375854,-0.08050137013196945,0.8566519021987915,0.3071494996547699,-0.09010423719882965,0.7649065852165222,0.321965754032135,-0.04105042293667793,0.7444181442260742,0.26833009719848633,-0.062005143612623215,0.7421311736106873,0.23530569672584534,-0.07841040939092636,0.7438325881958008,0.2047310769557953,-0.09394990652799606,0.8143985271453857,0.31368404626846313,-0.03655777499079704,0.8090108036994934,0.25078481435775757,-0.0596197210252285,0.8130906820297241,0.2145150899887085,-0.07857160270214081,0.816827654838562,0.1827983558177948,-0.09380495548248291,0.8615185022354126,0.3166359066963196,-0.038169678300619125,0.8770536780357361,0.2591841220855713,-0.0792250707745552,0.8878105878829956,0.22167766094207764,-0.11063643544912338,0.8966580033302307,0.18805426359176636,-0.13223667442798615,0.9078280329704285,0.3301160931587219,-0.042360588908195496,0.9012947678565979,0.29388391971588135,-0.08677662909030914,0.8784643411636353,0.3054582178592682,-0.100710928440094,0.8595355153083801,0.3231629431247711,-0.10889923572540283,Key_Backspace
0.8725928664207458,0.43993884325027466,-8.90724081159533e-08,0.8017178773880005,0.42332181334495544,-0.0530216358602047,0.7702255249023438,0.37714505195617676,-0.06990443170070648,0.8074907064437866,0.33783459663391113,-0.07840335369110107,0.8557664752006531,0.3081433176994324,-0.08661164343357086,0.7660447359085083,0.321639746427536,-0.04180579632520676,0.7436927556991577,0.26956865191459656,-0.06236434727907181,0.7400239706039429,0.23682686686515808,-0.07847185432910919,0.7409136295318604,0.20652413368225098,-0.09370651841163635,0.8158714771270752,0.3132156729698181,-0.03781288117170334,0.8075399398803711,0.250988632440567,-0.061547499150037766,0.8106194138526917,0.21463605761528015,-0.08072493970394135,0.8138478994369507,0.18246158957481384,-0.09558139741420746,0.8627762198448181,0.3157966732978821,-0.04000428318977356,0.8787041902542114,0.25953662395477295,-0.0831085816025734,0.8901236057281494,0.22307457029819489,-0.11495288461446762,0.9005399942398071,0.18954086303710938,-0.13608305156230927,0.9085831642150879,0.32899823784828186,-0.04465112462639809,0.9000200629234314,0.29283222556114197,-0.09089302271604538,0.8772831559181213,0.3085866868495941,-0.10383839905261993,0.8603941798210144,0.32998183369636536,-0.11079494655132294,Key_Backspace
0.8747721910476685,0.4386778175830841,-9.20795812930919e-08,0.8041877150535583,0.42320433259010315,-0.054167527705430984,0.7724940180778503,0.3782087564468384,-0.07141074538230896,0.8113869428634644,0.33840709924697876,-0.08016574382781982,0.8619063496589661,0.3090745806694031,-0.08839717507362366,0.7666502594947815,0.32093507051467896,-0.041942667216062546,0.7439975738525391,0.269477516412735,-0.06222381442785263,0.7399900555610657,0.23732450604438782,-0.07876674085855484,0.7395172119140625,0.20720219612121582,-0.09449615329504013,0.8169390559196472,0.3119429349899292,-0.03693895414471626,0.8090962767601013,0.25059860944747925,-0.05844004452228546,0.8126199841499329,0.21520142257213593,-0.07705774158239365,0.8150841593742371,0.1835731565952301,-0.09234613180160522,0.8635873198509216,0.3146629333496094,-0.038289204239845276,0.8785828351974487,0.25951048731803894,-0.07852236181497574,0.8908773064613342,0.22371140122413635,-0.11005204916000366,0.9003028273582458,0.19052207469940186,-0.13199056684970856,0.9090287685394287,0.3283200263977051,-0.0424208790063858,0.9055653214454651,0.2937883734703064,-0.08613409847021103,0.8860758543014526,0.3081928491592407,-0.09932541102170944,0.8694587349891663,0.3276568353176117,-0.10724058002233505,Key_Backspace
0.8750898241996765,0.43874311447143555,-1.0724195220745969e-07,0.8033810257911682,0.42250317335128784,-0.05258478596806526,0.7718815803527832,0.37664324045181274,-0.0694207027554512,0.8116620182991028,0.3366171419620514,-0.07818246632814407,0.8643108606338501,0.30819615721702576,-0.08666734397411346,0.7655235528945923,0.32080915570259094,-0.039635613560676575,0.7449633479118347,0.2693784236907959,-0.05863795801997185,0.7411183714866638,0.2373429536819458,-0.0744498148560524,0.7404681444168091,0.20695675909519196,-0.09010784327983856,0.8163152933120728,0.3118740916252136,-0.03549790754914284,0.8082506656646729,0.2504012882709503,-0.05613107606768608,0.8115105628967285,0.21497991681098938,-0.07422477006912231,0.8129337430000305,0.18301615118980408,-0.08960684388875961,0.8636837601661682,0.31450948119163513,-0.03762665390968323,0.8800983428955078,0.25910380482673645,-0.07734516263008118,0.8920319676399231,0.22340238094329834,-0.10850796848535538,0.9006170630455017,0.1901949942111969,-0.1306222379207611,0.9092377424240112,0.32754117250442505,-0.0424092561006546,0.9035947918891907,0.29242369532585144,-0.08608181774616241,0.8827006816864014,0.3075326979160309,-0.09899008274078369,0.8656365871429443,0.3276642858982086,-0.10710117965936661,Key_Backspace
0.8772172331809998,0.43576565384864807,-1.2071852495409985e-07,0.8072810769081116,0.4187178611755371,-0.051598358899354935,0.7764743566513062,0.37347057461738586,-0.06902080774307251,0.814477264881134,0.33292287588119507,-0.07847529649734497,0.8644891381263733,0.3031129240989685,-0.08750004321336746,0.7714743614196777,0.31659790873527527,-0.04179677739739418,0.7481832504272461,0.2638769745826721,-0.06241404265165329,0.744117796421051,0.2316901683807373,-0.07871328294277191,0.7441897392272949,0.201514333486557,-0.09403365105390549,0.820720374584198,0.30821362137794495,-0.03824031352996826,0.8139305114746094,0.2450578361749649,-0.06201096996665001,0.8170320391654968,0.20929443836212158,-0.08090121299028397,0.8194433450698853,0.17740894854068756,-0.09558413922786713,0.8670894503593445,0.3113325834274292,-0.04051126912236214,0.8833354115486145,0.2536584734916687,-0.08228223025798798,0.8952751159667969,0.2169918417930603,-0.1126510500907898,0.9050891995429993,0.18325331807136536,-0.1329992413520813,0.9118170738220215,0.3257085978984833,-0.04517548158764839,0.9088212847709656,0.2874515652656555,-0.088619165122509,0.8873277306556702,0.30152595043182373,-0.09953375160694122,0.8694174289703369,0.32191503047943115,-0.1053861677646637,Key_Backspace
0.8784969449043274,0.4308352470397949,-1.1307520253467374e-07,0.8096614480018616,0.41497713327407837,-0.05349885672330856,0.7778445482254028,0.37145787477493286,-0.07310757040977478,0.8148230910301208,0.3311857581138611,-0.08456675708293915,0.8631427884101868,0.3003273904323578,-0.09559401869773865,0.772233784198761,0.31216058135032654,-0.04521587863564491,0.7483344674110413,0.25994381308555603,-0.06770998239517212,0.7450337409973145,0.22794994711875916,-0.08521505445241928,0.7463895082473755,0.19848984479904175,-0.10124795138835907,0.8230631947517395,0.3036227226257324,-0.04118240624666214,0.8157671093940735,0.24047330021858215,-0.06614603847265244,0.818813145160675,0.20499803125858307,-0.08561109751462936,0.8212500810623169,0.17415201663970947,-0.10075193643569946,0.8708890080451965,0.30708056688308716,-0.04309961944818497,0.8857327103614807,0.24884051084518433,-0.08568214625120163,0.8962147831916809,0.21273480355739594,-0.11616352200508118,0.9049445986747742,0.18035466969013214,-0.13674397766590118,0.9165074825286865,0.3216671645641327,-0.04753493517637253,0.9092488884925842,0.2841525077819824,-0.09280393272638321,0.8867236971855164,0.297425240278244,-0.10519865900278091,0.8686034083366394,0.31686192750930786,-0.11187239736318588,Key_Backspace
0.8892089128494263,0.4244392216205597,-8.982716792615975e-08,0.8166257739067078,0.40611109137535095,-0.05230977013707161,0.7845072746276855,0.35860806703567505,-0.06867993623018265,0.8238688707351685,0.3172796964645386,-0.07704472541809082,0.8752676248550415,0.28783559799194336,-0.084919273853302,0.7774105072021484,0.3040250241756439,-0.0384516604244709,0.7527482509613037,0.25188305974006653,-0.05753016099333763,0.7482103109359741,0.2200203388929367,-0.07346919178962708,0.7468694448471069,0.1900998204946518,-0.08889491111040115,0.8281137943267822,0.2954634130001068,-0.03457522392272949,0.8177323341369629,0.2335193008184433,-0.05524912104010582,0.8201829791069031,0.19780632853507996,-0.07376711815595627,0.8211836814880371,0.16600246727466583,-0.08904177695512772,0.8753955364227295,0.2984625995159149,-0.037085697054862976,0.889470100402832,0.24231702089309692,-0.07747922837734222,0.9022181630134583,0.2055583894252777,-0.10946901142597198,0.912260890007019,0.17227734625339508,-0.1315210461616516,0.9207249283790588,0.3115822374820709,-0.04213296249508858,0.9157832264900208,0.27393078804016113,-0.08673673123121262,0.8976342082023621,0.28819161653518677,-0.09992697834968567,0.8831670880317688,0.308677613735199,-0.10757322609424591,Key_Backspace
0.8866753578186035,0.4234160780906677,-9.446412718716601e-08,0.8160156011581421,0.4054950773715973,-0.05148286744952202,0.7844279408454895,0.35948407649993896,-0.06792935729026794,0.8213578462600708,0.3189966678619385,-0.07648240029811859,0.8704258799552917,0.2893209755420685,-0.08467145264148712,0.7779866456985474,0.3037499487400055,-0.04017115384340286,0.7531687617301941,0.2514631450176239,-0.060955710709095,0.7483519315719604,0.2188325822353363,-0.07755526155233383,0.7474656105041504,0.1884233057498932,-0.09306779503822327,0.8285281658172607,0.294604629278183,-0.036793265491724014,0.8187758326530457,0.23136037588119507,-0.0596008263528347,0.8216173052787781,0.1949765682220459,-0.07848966866731644,0.8245272636413574,0.16284820437431335,-0.0932985320687294,0.8755315542221069,0.2975267767906189,-0.03950876370072365,0.8911232948303223,0.24084913730621338,-0.0811709463596344,0.9030466675758362,0.20355144143104553,-0.1130814477801323,0.913037121295929,0.1697915494441986,-0.13459879159927368,0.9205309748649597,0.311680406332016,-0.04463665559887886,0.9158236384391785,0.2752760052680969,-0.08966691046953201,0.8959721326828003,0.2886961102485657,-0.10270380228757858,0.8798561692237854,0.3082064092159271,-0.10987744480371475,Key_Backspace
0.884525716304779,0.42066580057144165,-7.864230866516664e-08,0.815138041973114,0.40379798412323,-0.053060565143823624,0.7836628556251526,0.3585481345653534,-0.07087189704179764,0.8191792368888855,0.3181450664997101,-0.08056549727916718,0.8657563924789429,0.28787875175476074,-0.09007906168699265,0.7780328392982483,0.3026086091995239,-0.0424078032374382,0.7530795931816101,0.2509080171585083,-0.0644829198718071,0.747826337814331,0.21838940680027008,-0.08234722912311554,0.7462347745895386,0.18781715631484985,-0.09868484735488892,0.8283402323722839,0.29348769783973694,-0.03866962715983391,0.8177727460861206,0.23138442635536194,-0.0622541606426239,0.8193438053131104,0.19526973366737366,-0.0821886658668518,0.8209589719772339,0.16307245194911957,-0.09769545495510101,0.8755260109901428,0.29645735025405884,-0.041018303483724594,0.8907119631767273,0.23989050090312958,-0.08321086317300797,0.9014574885368347,0.20243042707443237,-0.11529364436864853,0.9111679792404175,0.16879349946975708,-0.1368933618068695,0.920443058013916,0.31012263894081116,-0.04592045396566391,0.9133095145225525,0.2735399901866913,-0.09224530309438705,0.8941712379455566,0.28729090094566345,-0.10576418787240982,0.8799704909324646,0.30735912919044495,-0.11295393109321594,Key_Backspace
0.8855233192443848,0.4188099205493927,-6.95058943733784e-08,0.8134069442749023,0.40248697996139526,-0.053327541798353195,0.7816357016563416,0.3562832176685333,-0.07087934017181396,0.8203484416007996,0.3153848946094513,-0.08009343594312668,0.8698001503944397,0.28606659173965454,-0.08950827270746231,0.7757619619369507,0.3019259572029114,-0.04226867854595184,0.7506809234619141,0.2507573962211609,-0.06392671912908554,0.745806097984314,0.21881523728370667,-0.08193449676036835,0.7445636987686157,0.18821308016777039,-0.09864069521427155,0.8265891075134277,0.2925465703010559,-0.038381703197956085,0.8148446083068848,0.23218044638633728,-0.06160151585936546,0.8160108923912048,0.1967345029115677,-0.08214449137449265,0.816440761089325,0.16420522332191467,-0.09838104248046875,0.87427818775177,0.2951314151287079,-0.04058215767145157,0.8876643180847168,0.23945190012454987,-0.08298757672309875,0.8983774781227112,0.20238858461380005,-0.11560484021902084,0.9075409770011902,0.16840636730194092,-0.13767895102500916,0.9195270538330078,0.30784422159194946,-0.045256491750478745,0.9110656380653381,0.27104753255844116,-0.09168373793363571,0.8929666876792908,0.28625425696372986,-0.10507137328386307,0.8804932236671448,0.30707964301109314,-0.11239562183618546,Key_Backspace
0.8838916420936584,0.4199078381061554,-9.688582025546566e-08,0.8144317865371704,0.4025690257549286,-0.051703035831451416,0.7832427620887756,0.35768812894821167,-0.06908361613750458,0.8183413743972778,0.3171900510787964,-0.0788787454366684,0.8646218180656433,0.2867361605167389,-0.08842035382986069,0.7746800780296326,0.3012961447238922,-0.04137958958745003,0.750805139541626,0.24912029504776,-0.06304842978715897,0.7459287643432617,0.21634510159492493,-0.08032557368278503,0.7447052001953125,0.1857064962387085,-0.09632937610149384,0.8252899050712585,0.29167401790618896,-0.037688009440898895,0.8155589699745178,0.22941914200782776,-0.061398863792419434,0.817467212677002,0.1933842897415161,-0.08093258738517761,0.8193118572235107,0.16112998127937317,-0.09626732021570206,0.8727209568023682,0.294200599193573,-0.039891477674245834,0.8880164623260498,0.23746663331985474,-0.08135692030191422,0.8996358513832092,0.20086877048015594,-0.11251258850097656,0.9088773727416992,0.16772419214248657,-0.13376377522945404,0.9176109433174133,0.30780160427093506,-0.04458630830049515,0.9119840264320374,0.2725452184677124,-0.08963002264499664,0.8937627673149109,0.28517258167266846,-0.10301406681537628,0.8797178268432617,0.30353930592536926,-0.11041539162397385,Key_Backspace
0.8809731006622314,0.4188390374183655,-1.0691172036558783e-07,0.8110809922218323,0.4013679027557373,-0.051026392728090286,0.7807136178016663,0.35582321882247925,-0.06746223568916321,0.8186588883399963,0.315324991941452,-0.07640470564365387,0.866391658782959,0.2853567898273468,-0.08498002588748932,0.7727829217910767,0.29954633116722107,-0.03948285058140755,0.748153567314148,0.24691250920295715,-0.05959007889032364,0.7436680197715759,0.21422232687473297,-0.07590268552303314,0.7432268857955933,0.1841183751821518,-0.0912952795624733,0.8232544660568237,0.29036563634872437,-0.03569699823856354,0.8145347833633423,0.22770163416862488,-0.05706300586462021,0.8174378871917725,0.19205866754055023,-0.07514575123786926,0.8199357390403748,0.16090011596679688,-0.08982714265584946,0.8703988790512085,0.29337406158447266,-0.03793470934033394,0.8856188058853149,0.2363533079624176,-0.0773206427693367,0.897472620010376,0.1997600495815277,-0.10790779441595078,0.906791090965271,0.16675326228141785,-0.1292363405227661,0.9157825708389282,0.3074612617492676,-0.04271721839904785,0.9128978848457336,0.2718864381313324,-0.08574064075946808,0.8942493796348572,0.28378593921661377,-0.0985565260052681,0.8788043856620789,0.3014572858810425,-0.10608649998903275,Key_Backspace
0.8795486092567444,0.4171908497810364,-8.591767652887938e-08,0.8110643029212952,0.4011061191558838,-0.050980839878320694,0.7790737152099609,0.35719507932662964,-0.06872204691171646,0.8117567896842957,0.31710588932037354,-0.07880543172359467,0.8560034036636353,0.28683361411094666,-0.08848535269498825,0.7707284092903137,0.3008033335208893,-0.04296695441007614,0.7461630702018738,0.24822495877742767,-0.06523314863443375,0.7411118149757385,0.21559810638427734,-0.08219213783740997,0.7392870783805847,0.18527840077877045,-0.09757503867149353,0.8215616345405579,0.2912168800830841,-0.03982599452137947,0.8110603094100952,0.228240966796875,-0.06480962038040161,0.812763512134552,0.19173157215118408,-0.08448206633329391,0.8143520355224609,0.15919335186481476,-0.09919261932373047,0.8693543076515198,0.2936950623989105,-0.04232477396726608,0.8842852115631104,0.23699608445167542,-0.0847516804933548,0.8953155279159546,0.19981485605239868,-0.11575086414813995,0.9043633937835693,0.16626732051372528,-0.1361251175403595,0.9147303700447083,0.30715376138687134,-0.04710545763373375,0.9071111679077148,0.2711196839809418,-0.0924910455942154,0.8870704174041748,0.2827475070953369,-0.1053931713104248,0.8714863657951355,0.30057230591773987,-0.11191948503255844,Key_Backspace
0.8776178359985352,0.417005330324173,-1.475792572591672e-07,0.8070275783538818,0.4005620777606964,-0.055152349174022675,0.7785103917121887,0.3549475073814392,-0.07464241236448288,0.8130459189414978,0.31330662965774536,-0.08515307307243347,0.8609995245933533,0.2825358211994171,-0.09561900794506073,0.773186206817627,0.30104807019233704,-0.04832255840301514,0.7478775978088379,0.2483142465353012,-0.07094817608594894,0.7414301633834839,0.21589429676532745,-0.08796143531799316,0.7404612302780151,0.18481481075286865,-0.10373367369174957,0.8235024809837341,0.2917259633541107,-0.04267386347055435,0.8130457997322083,0.22958539426326752,-0.0700201466679573,0.8120875358581543,0.19395805895328522,-0.09025169909000397,0.8131839036941528,0.16137048602104187,-0.10482466220855713,0.8711982369422913,0.2939507067203522,-0.04245949164032936,0.8829346895217896,0.23403972387313843,-0.08853264153003693,0.8910543322563171,0.19672183692455292,-0.11963249742984772,0.9017313718795776,0.16246697306632996,-0.13943707942962646,0.9154505133628845,0.30675777792930603,-0.04443622753024101,0.8984965085983276,0.2683711051940918,-0.09315790981054306,0.8758252859115601,0.28317901492118835,-0.10603031516075134,0.8639382719993591,0.304038405418396,-0.11191447824239731,Key_Backspace
0.8772595524787903,0.4177822470664978,-1.7722692291499698e-07,0.8078358769416809,0.4010046124458313,-0.05239665135741234,0.7789292931556702,0.35494524240493774,-0.07026167213916779,0.8132289052009583,0.3132097125053406,-0.07991348952054977,0.8607818484306335,0.28276482224464417,-0.08931656181812286,0.7705297470092773,0.30031299591064453,-0.0448576956987381,0.7464881539344788,0.24827583134174347,-0.06618732959032059,0.7416824102401733,0.21648797392845154,-0.08251908421516418,0.7409669756889343,0.1858046054840088,-0.09803991764783859,0.8204379081726074,0.29067057371139526,-0.04008694365620613,0.8091920614242554,0.22911995649337769,-0.06486455351114273,0.8083058595657349,0.19433516263961792,-0.08380044251680374,0.8078485131263733,0.16220834851264954,-0.09835033118724823,0.8682017922401428,0.29292798042297363,-0.04076307266950607,0.8822881579399109,0.23570683598518372,-0.08366935700178146,0.8929895162582397,0.1984207034111023,-0.1143743172287941,0.9023587107658386,0.1637624204158783,-0.13511186838150024,0.912879467010498,0.3064025640487671,-0.04364726319909096,0.9062327146530151,0.27181491255760193,-0.08936239778995514,0.8865816593170166,0.28449922800064087,-0.10239198803901672,0.8725898861885071,0.3021923899650574,-0.10954599827528,Key_Backspace
0.8773835897445679,0.41701188683509827,-1.689147950401093e-07,0.8084605932235718,0.4012586772441864,-0.05452222749590874,0.7784907221794128,0.3557402491569519,-0.07351881265640259,0.812198281288147,0.3136240243911743,-0.08375942707061768,0.8596418499946594,0.2823013663291931,-0.0935608297586441,0.7712424397468567,0.30054551362991333,-0.048024460673332214,0.7466669082641602,0.248136967420578,-0.0694551020860672,0.7410485148429871,0.2161523997783661,-0.08550270646810532,0.739698052406311,0.1853884905576706,-0.1009201854467392,0.8207408785820007,0.2906453013420105,-0.04206027463078499,0.8080331087112427,0.22945037484169006,-0.06700842082500458,0.8061371445655823,0.19442841410636902,-0.0860455110669136,0.8051599264144897,0.1622503697872162,-0.10085871070623398,0.8676434755325317,0.2928165793418884,-0.04155924916267395,0.881524384021759,0.23601874709129333,-0.0846085324883461,0.8918119072914124,0.19932979345321655,-0.11555971950292587,0.9007325768470764,0.1653745174407959,-0.13657331466674805,0.9118711948394775,0.3061542212963104,-0.04337615519762039,0.9049454927444458,0.2722783386707306,-0.0896274596452713,0.8855294585227966,0.28455132246017456,-0.10364122688770294,0.8712896108627319,0.30166175961494446,-0.11148446798324585,Key_Backspace
0.8781630992889404,0.41637998819351196,-1.3493706774170278e-07,0.8084253668785095,0.4002368450164795,-0.05278371647000313,0.7791210412979126,0.3538278341293335,-0.0708543211221695,0.8156211972236633,0.3121151328086853,-0.0803016871213913,0.864316999912262,0.2812596261501312,-0.08935009688138962,0.7692751288414001,0.30043086409568787,-0.046140171587467194,0.746399998664856,0.24767158925533295,-0.06720440834760666,0.7422420382499695,0.21542735397815704,-0.0828140377998352,0.7416024804115295,0.18509981036186218,-0.09775327891111374,0.8185310959815979,0.2911726236343384,-0.041229989379644394,0.8075534105300903,0.2293948084115982,-0.06522029638290405,0.8079304695129395,0.1937875747680664,-0.0841316282749176,0.8083917498588562,0.1617879867553711,-0.09890243411064148,0.8652873039245605,0.2936430871486664,-0.041817598044872284,0.8791067600250244,0.23721277713775635,-0.08447641134262085,0.8910202383995056,0.20005179941654205,-0.11614038050174713,0.9011654257774353,0.16597436368465424,-0.1376911997795105,0.9102683067321777,0.3068331778049469,-0.044517967849969864,0.9021772146224976,0.2731255888938904,-0.09083975106477737,0.8825585246086121,0.2857417166233063,-0.10500048100948334,0.8680649399757385,0.30320632457733154,-0.11293096840381622,Key_Backspace
0.8782953023910522,0.4157409369945526,-1.309891501932725e-07,0.8085268139839172,0.39967724680900574,-0.05063880234956741,0.7775925397872925,0.3544917702674866,-0.06749296188354492,0.8136547803878784,0.31345778703689575,-0.07664763927459717,0.8628004789352417,0.2837159037590027,-0.0854467898607254,0.7695130109786987,0.2985974848270416,-0.0393354631960392,0.7464152574539185,0.24678586423397064,-0.05880431830883026,0.742079496383667,0.21510526537895203,-0.07467719912528992,0.7412499189376831,0.1853044033050537,-0.0901210680603981,0.8188709616661072,0.2895612418651581,-0.035565488040447235,0.8105491995811462,0.22786389291286469,-0.05730859190225601,0.8126232028007507,0.19297794997692108,-0.07559237629175186,0.8130993843078613,0.1619669795036316,-0.0905325710773468,0.8653877377510071,0.2921696901321411,-0.03766559064388275,0.8807427287101746,0.2361682504415512,-0.0777006670832634,0.8925281763076782,0.2000986486673355,-0.10804249346256256,0.9020587801933289,0.16690121591091156,-0.12932531535625458,0.9098907709121704,0.30533739924430847,-0.042143311351537704,0.9030571579933167,0.270915687084198,-0.08540857583284378,0.8825861811637878,0.2848329246044159,-0.09768103063106537,0.8670908212661743,0.3036900460720062,-0.10508963465690613,Key_Backspace
0.8780181407928467,0.4147133529186249,-2.2015511547124333e-07,0.8083329200744629,0.3981208801269531,-0.05174081772565842,0.7790550589561462,0.35184431076049805,-0.06968149542808533,0.8156969547271729,0.3101494610309601,-0.07902983576059341,0.8673226237297058,0.28025293350219727,-0.0881194993853569,0.7721415758132935,0.2985052168369293,-0.044998131692409515,0.7496436238288879,0.246400848031044,-0.06530161947011948,0.7441837191581726,0.21514517068862915,-0.08044891804456711,0.7427428960800171,0.18475942313671112,-0.09522730112075806,0.82169508934021,0.2896956503391266,-0.03984600305557251,0.8113635182380676,0.22878573834896088,-0.06365446746349335,0.8099852800369263,0.19429105520248413,-0.08167804777622223,0.8088654279708862,0.16234704852104187,-0.09574907273054123,0.8691906929016113,0.2920949459075928,-0.03995336592197418,0.8831794857978821,0.23561131954193115,-0.08309776335954666,0.8938806056976318,0.19898182153701782,-0.1138245090842247,0.9035702347755432,0.16455018520355225,-0.1345897763967514,0.9148204922676086,0.3050251007080078,-0.04200199991464615,0.9051184058189392,0.2722189426422119,-0.0882660523056984,0.8833039402961731,0.2870427966117859,-0.10125956684350967,0.8678179383277893,0.3061861991882324,-0.10831272602081299,Key_Backspace
0.8803716897964478,0.41420695185661316,-1.8498381848530698e-07,0.8100444078445435,0.39594995975494385,-0.04865313693881035,0.7809500694274902,0.35063329339027405,-0.06608767807483673,0.816744327545166,0.31038108468055725,-0.07619906216859818,0.8662582635879517,0.28064286708831787,-0.08616176247596741,0.7727739810943604,0.29643821716308594,-0.03979354724287987,0.749330997467041,0.24522487819194794,-0.061052680015563965,0.744679868221283,0.213762566447258,-0.07747942209243774,0.7447667121887207,0.1843726634979248,-0.09291855245828629,0.8218137621879578,0.2878628969192505,-0.03737577795982361,0.8121838569641113,0.22572362422943115,-0.06211984530091286,0.8123623132705688,0.19065621495246887,-0.08091961592435837,0.8123044371604919,0.15967537462711334,-0.0952376201748848,0.8690668940544128,0.29046759009361267,-0.04051773250102997,0.8847850561141968,0.2324555516242981,-0.0839749127626419,0.8959137797355652,0.19573669135570526,-0.1143125668168068,0.9061952233314514,0.16232937574386597,-0.13446904718875885,0.9147068858146667,0.30394428968429565,-0.045536838471889496,0.9051647186279297,0.2682938277721405,-0.09158740937709808,0.8816845417022705,0.28221291303634644,-0.10353695601224899,0.8644492030143738,0.30170679092407227,-0.10966798663139343,Key_Backspace
0.8839026093482971,0.4116332232952118,-1.274299705755766e-07,0.8111147284507751,0.3938034176826477,-0.05120908096432686,0.7804571390151978,0.3478749096393585,-0.06871134042739868,0.8186522126197815,0.30721843242645264,-0.07822322100400925,0.8694997429847717,0.27802133560180664,-0.08732900768518448,0.7729559540748596,0.2935779094696045,-0.03927169367671013,0.750264048576355,0.24166496098041534,-0.059042152017354965,0.7456402778625488,0.21023699641227722,-0.07527928054332733,0.7439894676208496,0.18069475889205933,-0.09090975672006607,0.8226265907287598,0.28502804040908813,-0.036028847098350525,0.8124208450317383,0.2227424681186676,-0.05775752291083336,0.8137816190719604,0.18765008449554443,-0.07645464688539505,0.8130233883857727,0.15659654140472412,-0.09163649380207062,0.8696218729019165,0.2876057028770447,-0.03889869526028633,0.8837146759033203,0.2309255301952362,-0.08023824542760849,0.897383987903595,0.19485855102539062,-0.11146610975265503,0.9091598391532898,0.16175507009029388,-0.1329997181892395,0.91482013463974,0.3002551794052124,-0.04404880106449127,0.9057153463363647,0.2631427049636841,-0.08908670395612717,0.8852991461753845,0.27931398153305054,-0.10101470351219177,0.8710474967956543,0.3009510040283203,-0.10774894058704376,Key_Backspace
0.8840969204902649,0.40941494703292847,-1.238668971836887e-07,0.8130902647972107,0.3927033841609955,-0.05099189281463623,0.7816207408905029,0.34706181287765503,-0.0680662989616394,0.8175919651985168,0.305661141872406,-0.07674799114465714,0.8666535019874573,0.27574270963668823,-0.08476613461971283,0.7737635970115662,0.29312264919281006,-0.04186321049928665,0.7508205771446228,0.24008680880069733,-0.06179385632276535,0.7461556196212769,0.20814640820026398,-0.0770019143819809,0.7446062564849854,0.1784462332725525,-0.09145261347293854,0.8233495950698853,0.284593403339386,-0.038338299840688705,0.8150244355201721,0.22177408635616302,-0.06206238269805908,0.8168358206748962,0.18594639003276825,-0.08065329492092133,0.8165919184684753,0.15423530340194702,-0.09476014971733093,0.8702284693717957,0.2870219051837921,-0.040574561804533005,0.8865796327590942,0.22948144376277924,-0.08351077884435654,0.9001367688179016,0.1924867480993271,-0.11448677629232407,0.9114313125610352,0.1585676223039627,-0.13473820686340332,0.9148702025413513,0.2999294698238373,-0.04481257498264313,0.9076914191246033,0.26114949584007263,-0.09005484730005264,0.8868615627288818,0.27591994404792786,-0.10136718302965164,0.8712692856788635,0.2968648374080658,-0.10703851282596588,Key_Backspace
0.882708728313446,0.40717634558677673,-1.5221276328247768e-07,0.8139894008636475,0.3885681629180908,-0.0489024855196476,0.7830886244773865,0.3429635465145111,-0.06662264466285706,0.8184654712677002,0.30148375034332275,-0.0770992711186409,0.8703315854072571,0.2719770073890686,-0.08719708025455475,0.7743166089057922,0.28822529315948486,-0.03913842514157295,0.7536137104034424,0.23598110675811768,-0.060004714876413345,0.7499179244041443,0.20446732640266418,-0.07650540769100189,0.7505882978439331,0.17545804381370544,-0.09212946891784668,0.8238874077796936,0.2802116870880127,-0.036577045917510986,0.8165972828865051,0.2177228331565857,-0.060836970806121826,0.8179709911346436,0.18226341903209686,-0.08046285063028336,0.8182424902915955,0.15123477578163147,-0.09584196656942368,0.8713721632957458,0.2836516499519348,-0.03960070013999939,0.8889958262443542,0.2242186963558197,-0.08188214153051376,0.9001928567886353,0.18817725777626038,-0.11208636313676834,0.9094848036766052,0.1559148132801056,-0.13240180909633636,0.9166111946105957,0.2980020344257355,-0.04454966261982918,0.9094659686088562,0.2598818242549896,-0.08898182958364487,0.8881275653839111,0.2724178433418274,-0.10061077028512955,0.872481644153595,0.2913902699947357,-0.10679751634597778,Key_Backspace
0.8812125325202942,0.40495720505714417,-1.719958788726217e-07,0.8112837672233582,0.386979341506958,-0.049360498785972595,0.7800666689872742,0.3416828513145447,-0.06698966026306152,0.8166098594665527,0.30061018466949463,-0.0774105042219162,0.8677269816398621,0.27167537808418274,-0.08761930465698242,0.7748376727104187,0.286708801984787,-0.04015624523162842,0.7529593110084534,0.23439091444015503,-0.061227068305015564,0.7483380436897278,0.20259803533554077,-0.07797808945178986,0.7482956647872925,0.17333334684371948,-0.09388864785432816,0.825168788433075,0.2781965732574463,-0.037528883665800095,0.8170381784439087,0.21599239110946655,-0.06121386960148811,0.8174412846565247,0.18047261238098145,-0.08079400658607483,0.8175580501556396,0.1495378017425537,-0.09647352248430252,0.873079240322113,0.2814837396144867,-0.04053652286529541,0.8904629945755005,0.22258667647838593,-0.0819379985332489,0.9004727602005005,0.18638712167739868,-0.11251290887594223,0.9092574715614319,0.15438500046730042,-0.13353650271892548,0.9185693264007568,0.2957006096839905,-0.045654136687517166,0.9099941253662109,0.2581724524497986,-0.09015960991382599,0.8874051570892334,0.26948538422584534,-0.1029786542057991,0.8703188896179199,0.2873724699020386,-0.1102500855922699,Key_Backspace
0.88037109375,0.40361571311950684,-1.459211915744163e-07,0.8108677864074707,0.3862593173980713,-0.04992452263832092,0.7795745730400085,0.3402286469936371,-0.06633779406547546,0.8160002827644348,0.29853683710098267,-0.07509305328130722,0.8685289025306702,0.2700197696685791,-0.08343817293643951,0.7729146480560303,0.28669190406799316,-0.039094503968954086,0.7505524158477783,0.23433917760849,-0.05869555473327637,0.7469059228897095,0.20230498909950256,-0.07419703155755997,0.7469930052757263,0.17249256372451782,-0.089222252368927,0.8224635720252991,0.27778202295303345,-0.03563956171274185,0.8140169382095337,0.21551285684108734,-0.05832740664482117,0.816695511341095,0.1802769899368286,-0.07662078738212585,0.817756712436676,0.14905649423599243,-0.09107907116413116,0.8692096471786499,0.28056207299232483,-0.03790050372481346,0.8863468766212463,0.22343230247497559,-0.07905545830726624,0.8994830250740051,0.1870328187942505,-0.10904158651828766,0.9096692204475403,0.1542067527770996,-0.1292489618062973,0.9132594466209412,0.29408660531044006,-0.04229840636253357,0.9080468416213989,0.2566549479961395,-0.08571849018335342,0.8886190056800842,0.2698279321193695,-0.09704294800758362,0.8730190992355347,0.2892572581768036,-0.10326477885246277,Key_Backspace
0.8802258968353271,0.4047214984893799,-1.747554279063479e-07,0.809639573097229,0.38786426186561584,-0.051114119589328766,0.7777686715126038,0.3418049216270447,-0.06750951707363129,0.8147737383842468,0.29944443702697754,-0.07622221857309341,0.8669538497924805,0.2699221074581146,-0.0846850723028183,0.7722635865211487,0.286883682012558,-0.038003258407115936,0.7501749992370605,0.23506993055343628,-0.057412322610616684,0.7462395429611206,0.20376746356487274,-0.07356060296297073,0.7465082406997681,0.17436911165714264,-0.08945177495479584,0.8218504190444946,0.2777143716812134,-0.03398042544722557,0.8131939768791199,0.21606823801994324,-0.05613115802407265,0.8148384690284729,0.18118591606616974,-0.07570952922105789,0.8153336644172668,0.15041834115982056,-0.09179103374481201,0.8683524131774902,0.2804122865200043,-0.035936612635850906,0.8858035206794739,0.22290346026420593,-0.07695043832063675,0.8970304131507874,0.1869363784790039,-0.10867336392402649,0.9060561060905457,0.15471738576889038,-0.13072115182876587,0.9125299453735352,0.2937990427017212,-0.040136899799108505,0.905332624912262,0.2562374770641327,-0.08431262522935867,0.8845004439353943,0.26869624853134155,-0.09778670966625214,0.8683111667633057,0.2873494625091553,-0.10601656883955002,Key_Backspace
0.8795643448829651,0.40483638644218445,-2.0048412352480227e-07,0.8096516132354736,0.38820821046829224,-0.051552340388298035,0.7789439558982849,0.34261268377304077,-0.06961459666490555,0.8166565895080566,0.3006129860877991,-0.07967262715101242,0.8698270320892334,0.27089351415634155,-0.0895237997174263,0.7733023762702942,0.2887539267539978,-0.04370478540658951,0.7513142824172974,0.23707357048988342,-0.06436065584421158,0.7466121912002563,0.20544737577438354,-0.08034483343362808,0.7464742660522461,0.17594283819198608,-0.09587234258651733,0.8222229480743408,0.2797184884548187,-0.03904043510556221,0.8112791180610657,0.21752920746803284,-0.06252142786979675,0.8109828233718872,0.18248209357261658,-0.08131422847509384,0.8111262917518616,0.15160351991653442,-0.0965561494231224,0.8686757683753967,0.28255754709243774,-0.039854396134614944,0.8852770924568176,0.22462879121303558,-0.0812097042798996,0.8963701128959656,0.18790659308433533,-0.11218947917222977,0.905715823173523,0.1549023538827896,-0.13378390669822693,0.9128710627555847,0.2966301441192627,-0.0427582822740078,0.9070136547088623,0.26058274507522583,-0.08679644763469696,0.8864094018936157,0.27172207832336426,-0.10014571994543076,0.8702981472015381,0.28861483931541443,-0.10821456462144852,Key_Backspace
0.8824940323829651,0.40815460681915283,-1.301825989230565e-07,0.8112108707427979,0.39062005281448364,-0.051073599606752396,0.7801117897033691,0.3442804217338562,-0.06795179098844528,0.8187600374221802,0.3026326298713684,-0.07714240998029709,0.8691065311431885,0.2727932035923004,-0.08587287366390228,0.7720040082931519,0.28957048058509827,-0.040111713111400604,0.7489338517189026,0.23777168989181519,-0.060046806931495667,0.7452585101127625,0.205781951546669,-0.07633218914270401,0.7454257011413574,0.17604991793632507,-0.09224836528301239,0.8227857351303101,0.28020453453063965,-0.03631528839468956,0.8128792643547058,0.2179114818572998,-0.057849109172821045,0.8153703808784485,0.182235985994339,-0.07688957452774048,0.8168059587478638,0.1511576622724533,-0.09281149506568909,0.8704661130905151,0.2833050787448883,-0.03843708708882332,0.8867862820625305,0.2266802042722702,-0.07820934802293777,0.8996569514274597,0.18947307765483856,-0.11049697548151016,0.9087028503417969,0.15660351514816284,-0.1334850788116455,0.9160886406898499,0.2975013852119446,-0.04286083206534386,0.9093642830848694,0.26233670115470886,-0.08677114546298981,0.8883439898490906,0.2715892791748047,-0.10163474828004837,0.8696789741516113,0.2867078185081482,-0.1111011803150177,Key_Backspace
0.8819810748100281,0.4057343602180481,-1.3096357065478514e-07,0.8125200271606445,0.3885372281074524,-0.051380980759859085,0.7818766236305237,0.34353378415107727,-0.069099560379982,0.8190510272979736,0.30237749218940735,-0.07903128117322922,0.8689500093460083,0.2726343870162964,-0.08852959424257278,0.7753157019615173,0.28862690925598145,-0.041308384388685226,0.7531372904777527,0.2367921620607376,-0.06214099004864693,0.7491893768310547,0.20488573610782623,-0.07888869196176529,0.749038577079773,0.17514179646968842,-0.09486600011587143,0.8255046010017395,0.27930232882499695,-0.0374712310731411,0.8171191215515137,0.21708720922470093,-0.06004232168197632,0.8197445273399353,0.18163706362247467,-0.07911157608032227,0.8209052085876465,0.15079456567764282,-0.09464260935783386,0.8726237416267395,0.2821517288684845,-0.03945252299308777,0.890475869178772,0.22540199756622314,-0.07977540045976639,0.9038116931915283,0.1886584460735321,-0.1107480451464653,0.9142366051673889,0.15599387884140015,-0.13242502510547638,0.9170567393302917,0.295951783657074,-0.043773945420980453,0.910954475402832,0.26007404923439026,-0.08732986450195312,0.891215980052948,0.27068406343460083,-0.10046904534101486,0.8749667406082153,0.28732678294181824,-0.1084287241101265,Key_Backspace
